,triage_type,duration,env_LV INT-Plaform,env_LV-QA,env_LV-REG,browser_chrome,error_type_code error,error_type_element not found,error_type_execution environment issue,error_type_network issue,error_type_other,error_type_suspect bug
6,Data Issue,0.22822580645161292,0,1,0,1,0,1,0,0,0,0
7,Other,0.997229916897507,0,1,0,1,0,1,0,0,0,0
8,Other,0.997229916897507,0,1,0,1,0,1,0,0,0,0
9,Other,0.9975903614457832,0,1,0,1,0,1,0,0,0,0
10,Other,0.9946236559139785,0,1,0,1,0,0,0,0,0,1
11,Other,0.9980879541108987,0,1,0,1,0,1,0,0,0,0
12,Other,0.9980879541108987,0,1,0,1,0,0,0,0,0,1
13,Other,0.9947643979057592,0,1,0,1,0,1,0,0,0,0
14,Other,0.9953271028037384,0,1,0,1,0,1,0,0,0,0
15,Other,0.9972826086956522,0,1,0,1,0,0,0,0,0,1
19,Product Error,-2.098314606741573,0,1,0,1,0,0,0,0,0,1
20,Data Issue,-0.42272727272727273,0,1,0,1,0,0,0,0,0,1
115,Product Error,-0.4993983152827918,0,0,1,1,0,0,0,0,0,1
116,Product Error,-0.3758620689655172,0,0,1,1,0,0,0,0,0,1
117,Product Error,-2.1514285714285712,0,0,1,1,0,0,0,0,0,1
197,Product Error,-0.43577981651376146,0,0,1,1,0,1,0,0,0,0
198,Product Error,0.17293233082706766,0,0,1,1,0,1,0,0,0,0
199,Not in Branch,0.5425531914893617,0,0,1,1,0,1,0,0,0,0
247,Product Error,0.41363636363636364,0,0,1,1,0,1,0,0,0,0
248,Dynamic Issue,0.14661949685534592,0,0,1,1,0,1,0,0,0,0
265,Dynamic Issue,-0.05944055944055944,0,0,1,1,0,1,0,0,0,0
266,Dynamic Issue,-0.05944055944055944,0,0,1,1,0,1,0,0,0,0
267,Dynamic Issue,-0.05944055944055944,0,0,1,1,0,1,0,0,0,0
268,Dynamic Issue,0.36929460580912865,0,0,1,1,0,1,0,0,0,0
269,Product Error,0.21341463414634146,0,0,1,1,0,1,0,0,0,0
270,Product Error,0.5416436845008273,0,0,1,1,0,1,0,0,0,0
271,Product Error,0.5416436845008273,0,0,1,1,0,1,0,0,0,0
272,Product Error,0.5416436845008273,0,0,1,1,0,0,0,0,1,0
273,Product Error,0.6629107981220658,0,0,1,1,0,1,0,0,0,0
274,Product Error,0.6629107981220658,0,0,1,1,0,1,0,0,0,0
275,Product Error,0.6629107981220658,0,0,1,1,0,1,0,0,0,0
276,Product Error,0.6629107981220658,0,0,1,1,0,1,0,0,0,0
277,Product Error,0.8586956521739131,0,0,1,1,0,1,0,0,0,0
278,Product Error,0.8586956521739131,0,0,1,1,0,0,0,0,0,1
323,Environment Error,0.17886178861788618,0,0,1,1,0,1,0,0,0,0
324,Environment Error,0.5,0,0,1,1,0,1,0,0,0,0
325,Dynamic Issue,-0.0345821325648415,0,0,1,1,0,1,0,0,0,0
326,Dynamic Issue,-0.0345821325648415,0,0,1,1,0,1,0,0,0,0
327,Dynamic Issue,-0.0345821325648415,0,0,1,1,0,1,0,0,0,0
328,Dynamic Issue,0.06866952789699571,0,0,1,1,0,0,0,0,0,1
329,Dynamic Issue,0.056074766355140186,0,0,1,1,0,1,0,0,0,0
405,Environment Error,0.44871794871794873,0,0,1,1,0,1,0,0,0,0
406,Product Error,0.10691421254801536,0,0,1,1,0,1,0,0,0,0
407,Product Error,0.10691421254801536,0,0,1,1,0,1,0,0,0,0
408,Product Error,0.10691421254801536,0,0,1,1,0,1,0,0,0,0
409,Product Error,0.10691421254801536,0,0,1,1,0,1,0,0,0,0
410,Product Error,0.3244567865,0,0,1,1,0,1,0,0,0,0
411,Dynamic Issue,-0.16181229773462782,0,0,1,1,0,1,0,0,0,0
412,Dynamic Issue,-0.16181229773462782,0,0,1,1,0,1,0,0,0,0
413,Dynamic Issue,-0.16181229773462782,0,0,1,1,0,1,0,0,0,0
414,Dynamic Issue,-0.13020833333333334,0,0,1,1,0,0,0,0,0,1
484,Not Ready,0.3761904761904762,0,0,1,1,0,1,0,0,0,0
485,Not Ready,0.5040322580645161,0,0,1,1,0,1,0,0,0,0
486,Not Ready,0.4166666666666667,0,0,1,1,0,1,0,0,0,0
487,Not Ready,0.297029702970297,0,0,1,1,0,1,0,0,0,0
488,Product Error,-0.08857395925597875,0,0,1,1,0,0,0,0,0,1
489,Product Error,-0.08857395925597875,0,0,1,1,0,0,0,0,0,1
490,Product Error,-0.05776892430278884,0,0,1,1,0,0,0,0,0,1
491,Product Error,-0.05776892430278884,0,0,1,1,0,0,0,0,0,1
492,Product Error,0.09852216748768473,0,0,1,1,0,0,0,0,0,1
493,Product Error,-0.010810810810810811,0,0,1,1,0,0,0,0,0,1
494,Product Error,0.13856812933025403,0,0,1,1,0,0,0,0,0,1
495,Product Error,-0.040106951871657755,0,0,1,1,0,0,0,0,0,1
496,Product Error,-0.15952890792291222,0,0,1,1,0,1,0,0,0,0
497,Environment Error,0.42410714285714285,0,0,1,1,0,1,0,0,0,0
551,,0.9949748743718593,0,1,0,1,0,0,0,0,0,1
599,Product Error,0.1800595238095238,0,0,1,1,0,1,0,0,0,0
604,Product Error,0.1082529474812433,0,0,1,1,0,1,0,0,0,0
605,Product Error,-0.10773026315789473,0,0,1,1,0,1,0,0,0,0
606,Product Error,-0.28615702479338845,0,0,1,1,0,1,0,0,0,0
607,Product Error,-0.23348519362186787,0,0,1,1,0,1,0,0,0,0
608,Environment Error,0.38571428571428573,0,0,1,1,0,1,0,0,0,0
713,Product Error,0.11864406779661017,0,0,1,1,0,1,0,0,0,0
714,Product Error,-0.06566455696202532,0,0,1,1,0,1,0,0,0,0
715,Product Error,-0.26782077393075354,0,0,1,1,0,1,0,0,0,0
716,Product Error,-0.1901098901098901,0,0,1,1,0,1,0,0,0,0
717,Environment Error,0.5612244897959183,0,0,1,1,0,1,0,0,0,0
730,Product Change,0.018138801261829655,0,0,1,1,0,1,0,0,0,0
731,Product Error,-0.1875,0,0,1,1,0,1,0,0,0,0
732,Dynamic Issue,0.5257352941176471,0,0,1,1,0,1,0,0,0,0
854,Dynamic Issue,0.7185539782106306,0,0,1,1,0,0,0,0,1,0
855,Dynamic Issue,0.7185539782106306,0,0,1,1,0,0,0,0,1,0
856,Dynamic Issue,0.5135135135135135,0,0,1,1,0,0,0,0,1,0
857,Product Change,0.015463917525773196,0,0,1,1,0,0,0,0,1,0
858,Not Ready,-0.574468085106383,0,0,1,1,1,0,0,0,0,0
859,Not Ready,0.052083333333333336,0,0,1,1,0,0,1,0,0,0
860,Not Ready,-0.48412698412698413,0,0,1,1,0,0,1,0,0,0
861,Product Error,-0.07654075546719682,0,0,1,1,0,1,0,0,0,0
862,Not Ready,0.3788167938931298,0,0,1,1,0,1,0,0,0,0
863,Not Ready,0.3788167938931298,0,0,1,1,0,1,0,0,0,0
864,Not Ready,0.3788167938931298,0,0,1,1,0,1,0,0,0,0
865,Not Ready,0.3788167938931298,0,0,1,1,0,1,0,0,0,0
866,Not Ready,0.3788167938931298,0,0,1,1,0,1,0,0,0,0
867,Not Ready,0.3788167938931298,0,0,1,1,0,1,0,0,0,0
868,Not Ready,0.3788167938931298,0,0,1,1,0,1,0,0,0,0
869,Not Ready,-0.09846547314578005,0,0,1,1,0,1,0,0,0,0
870,Not Ready,-0.09846547314578005,0,0,1,1,0,1,0,0,0,0
871,Not Ready,-0.09846547314578005,0,0,1,1,0,1,0,0,0,0
980,Environment Error,0.3010471204188482,0,0,1,1,0,1,0,0,0,0
981,Environment Error,0.7173408488063661,0,0,1,1,0,0,0,0,1,0
982,Environment Error,0.7173408488063661,0,0,1,1,0,0,0,0,1,0
983,Environment Error,0.5566502463054187,0,0,1,1,0,0,0,0,1,0
984,Product Error,-0.11880165289256199,0,0,1,1,0,1,0,0,0,0
985,Product Error,-1.4731543624161074,0,0,1,1,0,1,0,0,0,0
986,Other,0.07774001699235344,0,0,1,1,0,0,0,0,0,1
987,Other,0.07659574468085106,0,0,1,1,0,1,0,0,0,0
988,Other,0.07659574468085106,0,0,1,1,0,1,0,0,0,0
989,Other,0.07659574468085106,0,0,1,1,0,1,0,0,0,0
990,Other,0.07659574468085106,0,0,1,1,0,1,0,0,0,0
991,Other,0.07659574468085106,0,0,1,1,0,1,0,0,0,0
992,Other,0.07659574468085106,0,0,1,1,0,1,0,0,0,0
993,Other,0.07659574468085106,0,0,1,1,0,1,0,0,0,0
994,Other,-0.24492753623188407,0,0,1,1,0,1,0,0,0,0
995,Other,-0.24492753623188407,0,0,1,1,0,1,0,0,0,0
996,Other,-0.24492753623188407,0,0,1,1,0,1,0,0,0,0
997,Product Change,-0.026525198938992044,0,0,1,1,0,0,0,0,0,1
1009,Data Issue,0.16712328767123288,0,1,0,1,0,1,0,0,0,0
1010,Data Issue,0.16712328767123288,0,1,0,1,0,1,0,0,0,0
1011,Not in Branch,0.9977678571428571,0,1,0,1,0,1,0,0,0,0
1012,Not in Branch,0.9977678571428571,0,1,0,1,0,1,0,0,0,0
1013,Not in Branch,0.9977678571428571,0,1,0,1,0,1,0,0,0,0
1014,Not in Branch,0.9956896551724138,0,1,0,1,0,1,0,0,0,0
1015,Not in Branch,0.9956896551724138,0,1,0,1,0,1,0,0,0,0
1016,Not in Branch,0.994413407821229,0,1,0,1,0,1,0,0,0,0
1017,Dynamic Issue,-9.81578947368421,0,1,0,1,0,0,0,0,1,0
1018,Dynamic Issue,-9.81578947368421,0,1,0,1,0,0,0,0,1,0
1019,Dynamic Issue,-9.81578947368421,0,1,0,1,0,0,0,0,1,0
1020,Environment Error,-0.7130434782608696,0,1,0,1,0,1,0,0,0,0
1021,Environment Error,-0.7130434782608696,0,1,0,1,0,0,0,0,0,1
1022,Environment Error,-1.7701149425287357,0,1,0,1,0,1,0,0,0,0
1023,Dynamic Issue,-0.43089430894308944,0,1,0,1,0,1,0,0,0,0
1024,Dynamic Issue,-0.43089430894308944,0,1,0,1,0,1,0,0,0,0
1025,Dynamic Issue,-0.43089430894308944,0,1,0,1,0,1,0,0,0,0
1026,Environment Error,-0.0802675585284281,0,1,0,1,0,1,0,0,0,0
1027,Environment Error,-0.0802675585284281,0,1,0,1,0,0,1,0,0,0
1028,Not in Branch,0.99644128113879,0,1,0,1,0,1,0,0,0,0
1029,Data Issue,0.20164348925410872,0,1,0,1,0,1,0,0,0,0
1030,Data Issue,0.20164348925410872,0,1,0,1,0,1,0,0,0,0
1031,Data Issue,0.20164348925410872,0,1,0,1,0,1,0,0,0,0
1032,Data Issue,0.16195856873822975,0,1,0,1,0,1,0,0,0,0
1033,Data Issue,0.16195856873822975,0,1,0,1,0,1,0,0,0,0
1034,Data Issue,0.23443223443223443,0,1,0,1,0,1,0,0,0,0
1035,Product Error,0.1282051282051282,0,1,0,1,0,0,0,0,0,1
1036,Environment Error,-0.029589371980676328,0,1,0,1,0,0,0,0,0,1
1037,Environment Error,-0.029589371980676328,0,1,0,1,0,0,0,0,0,1
1038,Environment Error,-0.029589371980676328,0,1,0,1,0,0,0,0,0,1
1039,Environment Error,-11.894396551724139,0,1,0,1,0,0,1,0,0,0
1040,Environment Error,-11.894396551724139,0,1,0,1,0,0,1,0,0,0
1041,Environment Error,-11.894396551724139,0,1,0,1,0,0,1,0,0,0
1042,Environment Error,-11.894396551724139,0,1,0,1,0,0,1,0,0,0
1043,Environment Error,-8.890196078431373,0,1,0,1,0,0,1,0,0,0
1044,Environment Error,-8.890196078431373,0,1,0,1,0,0,1,0,0,0
1045,Environment Error,-8.890196078431373,0,1,0,1,0,0,1,0,0,0
1046,Environment Error,-8.890196078431373,0,1,0,1,0,0,1,0,0,0
1047,Environment Error,-1.336,0,1,0,1,0,1,0,0,0,0
1048,Environment Error,-1.336,0,1,0,1,0,1,0,0,0,0
1049,Environment Error,-1.336,0,1,0,1,0,1,0,0,0,0
1050,Environment Error,-1.336,0,1,0,1,0,1,0,0,0,0
1051,Environment Error,-13.551282051282051,0,1,0,1,0,0,0,0,1,0
1052,Environment Error,-13.551282051282051,0,1,0,1,0,0,1,0,0,0
1053,Environment Error,-13.551282051282051,0,1,0,1,0,0,1,0,0,0
1054,Environment Error,-20.66346153846154,0,1,0,1,1,0,0,0,0,0
1055,Environment Error,-20.66346153846154,0,1,0,1,1,0,0,0,0,0
1056,Environment Error,-20.66346153846154,0,1,0,1,1,0,0,0,0,0
1057,Environment Error,-10.646153846153846,0,1,0,1,0,0,1,0,0,0
1058,Environment Error,-10.646153846153846,0,1,0,1,0,0,1,0,0,0
1059,Environment Error,-10.646153846153846,0,1,0,1,0,0,1,0,0,0
1060,Environment Error,-9.62093023255814,0,1,0,1,0,0,1,0,0,0
1061,Environment Error,-9.62093023255814,0,1,0,1,0,0,1,0,0,0
1062,Environment Error,-9.62093023255814,0,1,0,1,0,0,1,0,0,0
1063,Environment Error,-22.838541666666668,0,1,0,1,1,0,0,0,0,0
1064,Environment Error,-22.838541666666668,0,1,0,1,1,0,0,0,0,0
1065,Environment Error,-22.838541666666668,0,1,0,1,1,0,0,0,0,0
1066,Environment Error,-16.6328125,0,1,0,1,0,0,0,0,1,0
1067,Environment Error,-16.6328125,0,1,0,1,0,0,1,0,0,0
1068,Environment Error,-16.6328125,0,1,0,1,0,0,0,0,1,0
1069,Environment Error,-1.1889128094725512,0,1,0,1,0,1,0,0,0,0
1070,Environment Error,-1.1889128094725512,0,1,0,1,0,1,0,0,0,0
1071,Environment Error,-1.1889128094725512,0,1,0,1,0,1,0,0,0,0
1072,Environment Error,-1.1889128094725512,0,1,0,1,0,1,0,0,0,0
1073,Environment Error,-0.7378318584070797,0,1,0,1,0,1,0,0,0,0
1074,Environment Error,-0.7378318584070797,0,1,0,1,0,0,0,0,0,1
1075,Environment Error,-0.7378318584070797,0,1,0,1,0,1,0,0,0,0
1076,Environment Error,-0.7378318584070797,0,1,0,1,0,1,0,0,0,0
1077,Environment Error,-7.859154929577465,0,1,0,1,0,0,1,0,0,0
1078,Environment Error,-7.859154929577465,0,1,0,1,0,0,1,0,0,0
1079,Environment Error,-13.458823529411765,0,1,0,1,1,0,0,0,0,0
1080,Environment Error,-13.458823529411765,0,1,0,1,1,0,0,0,0,0
1081,Environment Error,-8.240601503759398,0,1,0,1,0,0,1,0,0,0
1082,Environment Error,-8.240601503759398,0,1,0,1,0,0,1,0,0,0
1083,Environment Error,-21.030434782608694,0,1,0,1,1,0,0,0,0,0
1084,Environment Error,-21.030434782608694,0,1,0,1,1,0,0,0,0,0
1085,Environment Error,-21.030434782608694,0,1,0,1,1,0,0,0,0,0
1086,Environment Error,-21.030434782608694,0,1,0,1,1,0,0,0,0,0
1087,Environment Error,-10.286343612334802,0,1,0,1,0,0,1,0,0,0
1088,Environment Error,-10.286343612334802,0,1,0,1,0,0,1,0,0,0
1089,Environment Error,-10.286343612334802,0,1,0,1,0,0,1,0,0,0
1090,Environment Error,-10.286343612334802,0,1,0,1,0,0,1,0,0,0
1091,Environment Error,-1.103932584269663,0,1,0,1,0,1,0,0,0,0
1113,Product Error,0.26666666666666666,0,0,1,1,0,1,0,0,0,0
1114,Environment Error,0.5488721804511278,0,0,1,1,0,0,0,0,1,0
1115,Product Error,0.3819548872180451,0,0,1,1,0,1,0,0,0,0
1116,Product Error,0.3819548872180451,0,0,1,1,0,1,0,0,0,0
1117,Dynamic Issue,0.09210526315789473,0,0,1,1,1,0,0,0,0,0
1118,Product Error,-0.01594746716697936,0,0,1,1,0,1,0,0,0,0
1119,Product Error,-1.408496732026144,0,0,1,1,0,1,0,0,0,0
1120,Product Error,0.04968383017163505,0,0,1,1,0,1,0,0,0,0
1121,Dynamic Issue,0.1493212669683258,0,0,1,1,0,1,0,0,0,0
1122,Dynamic Issue,0.1493212669683258,0,0,1,1,0,1,0,0,0,0
1123,Dynamic Issue,0.1493212669683258,0,0,1,1,0,1,0,0,0,0
1124,Dynamic Issue,0.1493212669683258,0,0,1,1,0,0,0,0,1,0
1125,Dynamic Issue,0.14902852418354692,0,0,1,1,0,0,0,0,1,0
1338,Script Issue,-0.22686832740213522,0,0,1,1,0,1,0,0,0,0
1339,Environment Error,-1.3396226415094339,0,0,1,1,0,0,1,0,0,0
1340,Environment Error,-0.8274193548387097,0,0,1,1,0,0,0,0,1,0
1341,Environment Error,0.5437262357414449,0,0,1,1,0,0,0,0,1,0
1342,Dynamic Issue,0.10379241516966067,0,0,1,1,0,1,0,0,0,0
1343,Product Change,0.579324462640737,0,0,1,1,0,1,0,0,0,0
1344,Product Error,-0.03142857142857143,0,0,1,1,0,1,0,0,0,0
1345,Product Error,-1.2607361963190185,0,0,1,1,0,1,0,0,0,0
1346,Environment Error,0.15873015873015872,0,0,1,1,0,0,0,0,0,1
1347,Dynamic Issue,0.02952029520295203,0,0,1,1,0,1,0,0,0,0
1348,Dynamic Issue,0.6388074291300098,0,0,1,1,0,0,0,0,1,0
1349,Dynamic Issue,0.6388074291300098,0,0,1,1,0,0,0,0,1,0
1350,Dynamic Issue,0.5488599348534202,0,0,1,1,0,0,0,0,1,0
1351,Dynamic Issue,0.5438034188034188,0,0,1,1,0,0,0,0,1,0
1352,Dynamic Issue,0.7453519256308101,0,0,1,1,0,0,0,0,1,0
1353,Dynamic Issue,0.31954887218045114,0,0,1,1,0,0,0,0,1,0
1354,Dynamic Issue,0.3708609271523179,0,0,1,1,0,0,0,0,1,0
1355,Dynamic Issue,0.03170955882352941,0,0,1,1,0,1,0,0,0,0
1484,Environment Error,0.7450738916256158,0,0,1,1,0,1,0,0,0,0
1485,Environment Error,0.7450738916256158,0,0,1,1,0,0,0,0,0,1
1486,Environment Error,0.7450738916256158,0,0,1,1,0,0,0,0,1,0
1507,Product Error,-0.41015625,0,0,1,1,0,1,0,0,0,0
1508,Environment Error,-3.036,0,0,1,1,0,0,0,0,0,1
1509,Environment Error,-3.026086956521739,0,0,1,1,0,0,0,0,0,1
1510,Product Error,-4.5,0,0,1,1,0,1,0,0,0,0
1511,Environment Error,-1.0630252100840336,0,0,1,1,0,0,1,0,0,0
1512,Environment Error,-0.5425055928411633,0,0,1,1,0,0,0,1,0,0
1513,Environment Error,-0.20155038759689922,0,0,1,1,0,0,0,0,0,1
1514,Environment Error,-2.048780487804878,0,0,1,1,0,0,0,1,0,0
1515,Environment Error,-2.048780487804878,0,0,1,1,0,0,0,1,0,0
1516,Environment Error,-0.3283898305084746,0,0,1,1,0,0,0,1,0,0
1517,Environment Error,0.029069767441860465,0,0,1,1,0,0,1,0,0,0
1518,Environment Error,-0.3190854870775348,0,0,1,1,0,0,0,1,0,0
1519,Environment Error,-0.1443850267379679,0,0,1,1,0,0,1,0,0,0
1520,Environment Error,0.2785571142284569,0,0,1,1,0,1,0,0,0,0
1544,Environment Error,-0.21562809099901087,0,0,1,1,0,0,1,0,0,0
1545,Environment Error,-0.21562809099901087,0,0,1,1,0,0,0,1,0,0
1546,Environment Error,-0.10306406685236769,0,0,1,1,0,0,0,1,0,0
1547,Environment Error,0.6376146788990825,0,0,1,1,0,0,0,1,0,0
1548,Environment Error,-0.023746701846965697,0,0,1,1,0,0,0,1,0,0
1680,Environment Error,-0.47474747474747475,0,0,1,1,0,1,0,0,0,0
1681,Environment Error,-0.3637254901960784,0,0,1,1,0,0,0,0,1,0
1682,Product Error,-0.35976505139500736,0,0,1,1,0,1,0,0,0,0
1683,Product Error,-0.35976505139500736,0,0,1,1,0,1,0,0,0,0
1684,Product Error,-0.3354531001589825,0,0,1,1,0,1,0,0,0,0
1685,Product Error,-0.3354531001589825,0,0,1,1,0,1,0,0,0,0
1686,Dynamic Issue,-1.641025641025641,0,0,1,1,0,1,0,0,0,0
1687,Product Error,-5.464912280701754,0,0,1,1,0,1,0,0,0,0
1688,Dynamic Issue,-5.2894736842105265,0,0,1,1,0,0,1,0,0,0
1689,Not Ready,-2.6136363636363638,0,0,1,1,0,0,0,0,0,1
1690,Product Change,-2.4789915966386555,0,0,1,1,0,0,0,0,1,0
1691,Product Change,-2.4789915966386555,0,0,1,1,0,0,0,0,1,0
2060,Product Error,-0.547486033519553,0,0,1,1,0,0,0,0,0,1
2061,Product Error,-0.08333333333333333,0,0,1,1,0,0,0,0,0,1
2062,Product Error,-0.08333333333333333,0,0,1,1,0,0,0,0,0,1
2063,Product Error,-0.25597269624573377,0,0,1,1,0,0,0,0,0,1
2064,Dynamic Issue,-0.5700447093889717,0,0,1,1,0,1,0,0,0,0
2065,Dynamic Issue,0.9491683145283238,0,0,1,1,0,0,0,0,1,0
2066,Dynamic Issue,-0.3146067415730337,0,0,1,1,0,1,0,0,0,0
2067,Product Error,-5.245762711864407,0,0,1,1,0,1,0,0,0,0
2068,Not in Branch,-2.0,0,0,1,1,0,0,0,0,0,1
2069,Dynamic Issue,-0.4044943820224719,0,0,1,1,0,1,0,0,0,0
2070,Dynamic Issue,0.46956521739130436,0,0,1,1,0,1,0,0,0,0
2071,Dynamic Issue,0.24704336399474375,0,0,1,1,0,1,0,0,0,0
2072,Product Change,0.08588957055214724,0,0,1,1,0,0,0,0,1,0
2241,Environment Error,-2.018651362984218,0,0,1,1,0,1,0,0,0,0
2242,Environment Error,-2.018651362984218,0,0,1,1,0,1,0,0,0,0
2243,Environment Error,-2.018651362984218,0,0,1,1,0,1,0,0,0,0
2244,Environment Error,-2.018651362984218,0,0,1,1,0,0,0,0,1,0
2245,Environment Error,-2.018651362984218,0,0,1,1,0,1,0,0,0,0
2246,Environment Error,-2.018651362984218,0,0,1,1,0,1,0,0,0,0
2247,Environment Error,-2.018651362984218,0,0,1,1,0,1,0,0,0,0
2248,Product Error,-0.39663865546218485,0,0,1,1,1,0,0,0,0,0
2249,Product Error,-0.39663865546218485,0,0,1,1,0,1,0,0,0,0
2250,Product Error,-0.2596491228070175,0,0,1,1,1,0,0,0,0,0
2251,Product Error,-0.2596491228070175,0,0,1,1,0,1,0,0,0,0
2252,Environment Error,-0.5561299852289513,0,0,1,1,0,0,0,0,1,0
2253,Environment Error,-0.5561299852289513,0,0,1,1,0,0,0,0,1,0
2254,Environment Error,-0.5017182130584192,0,0,1,1,0,1,0,0,0,0
2255,Product Error,-4.6692307692307695,0,0,1,1,0,1,0,0,0,0
2256,Not Ready,-0.6736842105263158,0,0,1,1,0,0,0,0,0,1
2257,Dynamic Issue,-1.5510204081632653,0,0,1,1,0,0,1,0,0,0
2423,Environment Error,-0.3587385019710907,0,0,1,1,0,1,0,0,0,0
2424,Product Error,-0.47151898734177217,0,0,1,1,0,1,0,0,0,0
2425,Product Error,-0.3318077803203661,0,0,1,1,0,1,0,0,0,0
2426,Environment Error,-0.46522948539638387,0,0,1,1,0,1,0,0,0,0
2427,Product Error,-3.9133333333333336,0,0,1,1,0,1,0,0,0,0
2428,Product Error,-1.8412698412698412,0,0,1,1,0,0,1,0,0,0
2429,Other,-0.9875,0,0,1,1,0,0,0,0,0,1
2597,Environment Error,0.4325343388095879,0,0,1,1,0,1,0,0,0,0
2598,Environment Error,0.4325343388095879,0,0,1,1,0,1,0,0,0,0
2599,Product Error,-4.118055555555555,0,0,1,1,0,1,0,0,0,0
2600,Environment Error,-0.36058263971462545,0,0,1,1,1,0,0,0,0,0
2617,Environment Error,-0.11147362697117999,0,0,1,1,0,1,0,0,0,0
2618,Environment Error,-0.11147362697117999,0,0,1,1,0,1,0,0,0,0
2619,Environment Error,-0.11147362697117999,0,0,1,1,0,1,0,0,0,0
2620,Product Error,-4.190140845070423,0,0,1,1,0,1,0,0,0,0
2732,Environment Error,-0.3027863777089783,0,0,1,1,0,0,0,0,0,1
2733,Environment Error,-0.3027863777089783,0,0,1,1,0,1,0,0,0,0
2734,Environment Error,-0.27418361059765867,0,0,1,1,0,1,0,0,0,0
2735,Environment Error,-0.2759051186017478,0,0,1,1,0,1,0,0,0,0
2736,Environment Error,-0.2759051186017478,0,0,1,1,0,1,0,0,0,0
2737,Environment Error,0.3765743073047859,0,0,1,1,1,0,0,0,0,0
2738,Environment Error,-0.28319123020706455,0,0,1,1,0,1,0,0,0,0
2739,Environment Error,-0.28319123020706455,0,0,1,1,0,1,0,0,0,0
2740,Data Issue,0.6161825726141079,0,0,1,1,0,1,0,0,0,0
2741,Data Issue,0.6161825726141079,0,0,1,1,0,1,0,0,0,0
2742,Product Error,-3.848684210526316,0,0,1,1,0,1,0,0,0,0
2811,Environment Error,-0.36175882744836774,0,0,1,1,0,1,0,0,0,0
2812,Environment Error,-0.36175882744836774,0,0,1,1,0,1,0,0,0,0
2813,Environment Error,-0.4878048780487805,0,0,1,1,0,1,0,0,0,0
2814,Script Issue,0.5092838196286472,0,0,1,1,0,1,0,0,0,0
2815,Product Error,-2.5776699029126213,0,0,1,1,0,1,0,0,0,0
2816,Product Change,-0.5142857142857142,0,0,1,1,0,1,0,0,0,0
2857,Environment Error,-0.1953216374269006,0,0,1,1,0,1,0,0,0,0
2858,Product Error,-1.7296296296296296,0,0,1,1,0,1,0,0,0,0
2859,Not in Branch,-1.1486486486486487,0,0,1,1,0,1,0,0,0,0
3025,Environment Error,-0.07635597682991048,0,0,1,1,0,1,0,0,0,0
3026,Environment Error,-0.35784960422163586,0,0,1,1,0,1,0,0,0,0
3027,Environment Error,-0.35784960422163586,0,0,1,1,0,1,0,0,0,0
3028,Product Change,-6.445652173913044,0,0,1,1,0,0,0,0,1,0
3029,Product Change,-6.445652173913044,0,0,1,1,0,0,0,0,1,0
3030,Product Change,-6.445652173913044,0,0,1,1,0,0,0,0,1,0
3031,Product Change,-6.445652173913044,0,0,1,1,0,0,0,0,1,0
3032,Product Change,-6.445652173913044,0,0,1,1,0,0,0,0,1,0
3033,Environment Error,0.5144356955380578,0,0,1,1,0,1,0,0,0,0
3034,Product Error,-3.6645569620253164,0,0,1,1,0,1,0,0,0,0
3035,Product Change,-0.09598214285714286,0,0,1,1,0,1,0,0,0,0
3226,Data Issue,-17.59090909090909,0,0,1,1,0,0,0,0,1,0
3227,Environment Error,-1.6744186046511629,0,0,1,1,0,1,0,0,0,0
3228,Environment Error,-0.3104325699745547,0,0,1,1,0,0,0,0,0,1
3229,Dynamic Issue,-0.3560371517027864,0,0,1,1,0,1,0,0,0,0
3230,Environment Error,0.351575456053068,0,0,1,1,0,0,0,0,1,0
3231,Product Error,-4.118055555555555,0,0,1,1,0,1,0,0,0,0
3232,Environment Error,-0.08900523560209424,0,0,1,1,0,1,0,0,0,0
3233,Dynamic Issue,0.09514435695538058,0,0,1,1,0,1,0,0,0,0
3234,Environment Error,-1.4538461538461538,0,0,1,1,0,1,0,0,0,0
3235,Not Ready,-0.20175438596491227,0,0,1,1,0,1,0,0,0,0
3432,Environment Error,-0.2553699284009546,0,0,1,1,0,1,0,0,0,0
3433,Environment Error,-0.2926380368098159,0,0,1,1,0,0,1,0,0,0
3434,Dynamic Issue,-1.1055045871559632,0,0,1,1,0,0,1,0,0,0
3435,Data Issue,0.5949464012251149,0,0,1,1,0,0,0,0,0,1
3436,Data Issue,0.5949464012251149,0,0,1,1,0,0,0,0,0,1
3437,Data Issue,0.15789473684210525,0,0,1,1,0,1,0,0,0,0
3438,Data Issue,0.15789473684210525,0,0,1,1,0,1,0,0,0,0
3439,Environment Error,0.05850091407678245,0,0,1,1,0,1,0,0,0,0
3440,Product Error,-4.118055555555555,0,0,1,1,0,1,0,0,0,0
3441,Dynamic Issue,0.0038295038295038295,0,0,1,1,0,0,0,0,1,0
3442,Dynamic Issue,0.11318327974276528,0,0,1,1,0,1,0,0,0,0
3981,Dynamic Issue,-0.3022670025188917,0,0,1,1,0,1,0,0,0,0
3982,Product Change,0.04529616724738676,0,0,1,1,0,0,0,0,0,1
3983,Dynamic Issue,-0.1078167115902965,0,0,1,1,0,1,0,0,0,0
3984,Environment Error,0.01717557251908397,0,0,1,1,0,1,0,0,0,0
3985,Product Error,-4.190140845070423,0,0,1,1,0,1,0,0,0,0
3986,Data Issue,-0.47191011235955055,0,0,1,1,0,0,0,0,0,1
3987,Environment Error,-0.028089887640449437,0,0,1,1,0,1,0,0,0,0
4226,Dynamic Issue,0.03888888888888889,0,0,1,1,0,1,0,0,0,0
4227,Dynamic Issue,-0.35,0,0,1,1,0,1,0,0,0,0
4228,Dynamic Issue,-0.3916776750330251,0,0,1,1,0,1,0,0,0,0
4229,Product Error,0.47592067988668557,0,0,1,1,0,0,0,0,0,1
4230,Environment Error,-1.2289719626168225,0,0,1,1,0,0,0,0,0,1
4231,Environment Error,-0.10443037974683544,0,0,1,1,0,0,0,0,1,0
4232,Dynamic Issue,-0.019801980198019802,0,0,1,1,0,1,0,0,0,0
4233,Product Error,-4.190140845070423,0,0,1,1,0,1,0,0,0,0
4234,Dynamic Issue,0.1227735368956743,0,0,1,1,0,1,0,0,0,0
4657,Environment Error,-0.4744218640504555,0,0,1,1,0,1,0,0,0,0
4658,Environment Error,-0.5888888888888889,0,0,1,1,0,1,0,0,0,0
4659,Environment Error,-0.5888888888888889,0,0,1,1,0,1,0,0,0,0
4660,Script Issue,-0.403125,0,0,1,1,0,1,0,0,0,0
4661,Data Issue,-0.29015544041450775,0,0,1,1,0,1,0,0,0,0
4662,Script Issue,-0.27578947368421053,0,0,1,1,0,1,0,0,0,0
4663,Data Issue,-1.9945652173913044,0,0,1,1,0,1,0,0,0,0
4664,Data Issue,-1.9945652173913044,0,0,1,1,0,1,0,0,0,0
4665,Environment Error,-0.03621730382293763,0,0,1,1,0,1,0,0,0,0
4666,Product Change,-1.3333333333333333,0,0,1,1,0,1,0,0,0,0
4667,Product Change,-0.7354497354497355,0,0,1,1,0,1,0,0,0,0
4668,Environment Error,0.13106490233144297,0,0,1,1,0,1,0,0,0,0
4880,Environment Error,-0.24503311258278146,0,0,1,1,0,0,0,0,1,0
4881,Environment Error,-0.24503311258278146,0,0,1,1,0,0,0,0,1,0
4882,Environment Error,-0.23953911461491814,0,0,1,1,0,0,0,0,1,0
4883,Environment Error,-0.23953911461491814,0,0,1,1,0,0,0,0,1,0
4884,Environment Error,-0.2551829268292683,0,0,1,1,0,0,0,0,1,0
4885,Environment Error,-0.2551829268292683,0,0,1,1,0,0,0,0,1,0
4886,Environment Error,-0.2551829268292683,0,0,1,1,0,1,0,0,0,0
4887,Environment Error,-0.2551829268292683,0,0,1,1,0,1,0,0,0,0
4888,Environment Error,-0.05254237288135593,0,0,1,1,0,1,0,0,0,0
4897,Product Change,0.2136602451838879,0,0,1,1,0,1,0,0,0,0
4899,Product Change,0.1292372881355932,0,0,1,1,0,1,0,0,0,0
4906,Product Change,0.2594086021505376,0,0,1,1,0,1,0,0,0,0
4913,Environment Error,-0.3137755102040816,0,0,1,1,0,1,0,0,0,0
4914,Environment Error,-0.6364879649890591,0,0,1,1,0,0,0,0,0,1
4915,Environment Error,-0.6364879649890591,0,0,1,1,0,0,0,0,1,0
4916,Environment Error,-0.011632571199358203,0,0,1,1,0,1,0,0,0,0
4917,Environment Error,-0.7215980024968789,0,0,1,1,0,1,0,0,0,0
4918,Environment Error,-0.7215980024968789,0,0,1,1,0,0,0,0,0,1
5411,Product Error,0.12650602409638553,0,0,1,1,0,0,0,0,1,0
5412,Product Error,0.12650602409638553,0,0,1,1,1,0,0,0,0,0
5416,Dynamic Issue,-1.0316742081447965,0,0,1,1,0,1,0,0,0,0
5417,Dynamic Issue,-1.0316742081447965,0,0,1,1,0,1,0,0,0,0
5418,Dynamic Issue,-1.0316742081447965,0,0,1,1,0,1,0,0,0,0
5425,Product Change,-0.06502636203866433,0,0,1,1,0,1,0,0,0,0
5426,Product Change,-0.06502636203866433,0,0,1,1,0,1,0,0,0,0
5427,Product Change,-0.06502636203866433,0,0,1,1,0,1,0,0,0,0
5440,Product Change,0.36455696202531646,0,0,1,1,0,1,0,0,0,0
5441,Product Change,-0.818815331010453,0,0,1,1,0,0,0,0,0,1
5442,Product Change,-0.23577235772357724,0,0,1,1,0,0,0,0,0,1
5443,Product Change,-0.6404494382022472,0,0,1,1,0,0,0,0,0,1
5444,Product Change,-1.24609375,0,0,1,1,0,0,0,0,0,1
5445,Product Change,0.3761904761904762,0,0,1,1,0,0,0,0,1,0
5446,Product Change,0.3761904761904762,0,0,1,1,0,0,0,0,1,0
5447,Product Change,0.3761904761904762,0,0,1,1,0,0,0,0,1,0
5448,Product Change,0.3761904761904762,0,0,1,1,0,1,0,0,0,0
5449,Product Change,0.3761904761904762,0,0,1,1,0,0,0,0,1,0
5450,Product Change,0.19256756756756757,0,0,1,1,0,1,0,0,0,0
5451,Product Change,0.19256756756756757,0,0,1,1,0,0,0,0,1,0
5452,Product Change,0.31862745098039214,0,0,1,1,0,1,0,0,0,0
5453,Product Error,0.5313131313131313,0,0,1,1,0,1,0,0,0,0
5454,Product Change,0.332089552238806,0,0,1,1,0,1,0,0,0,0
5455,Product Change,0.2230769230769231,0,0,1,1,0,1,0,0,0,0
5456,Product Change,0.2094017094017094,0,0,1,1,0,1,0,0,0,0
5457,Product Error,0.2857142857142857,0,0,1,1,0,1,0,0,0,0
5458,Product Change,0.08866995073891626,0,0,1,1,0,1,0,0,0,0
5459,Product Change,0.06125356125356125,0,0,1,1,0,1,0,0,0,0
5460,Product Change,-0.05555555555555555,0,0,1,1,0,1,0,0,0,0
5461,Product Change,-0.05555555555555555,0,0,1,1,0,0,0,0,1,0
5462,Environment Error,-0.1085209003215434,0,0,1,1,0,0,0,0,1,0
5463,Environment Error,-0.1085209003215434,0,0,1,1,0,1,0,0,0,0
5464,Environment Error,-0.028089887640449437,0,0,1,1,0,1,0,0,0,0
5466,Product Change,0.01026694045174538,0,0,1,1,0,0,0,0,0,1
5658,Product Error,0.44630071599045346,0,0,1,1,0,1,0,0,0,0
5659,Product Error,0.04878048780487805,0,0,1,1,0,1,0,0,0,0
6813,Environment Error,-0.018217626784835055,0,0,1,1,0,1,0,0,0,0
6814,Environment Error,-0.018217626784835055,0,0,1,1,0,1,0,0,0,0
6823,Product Error,0.5531400966183575,0,0,1,1,0,0,0,0,0,1
6837,Environment Error,0.002398081534772182,0,0,1,1,0,1,0,0,0,0
6838,Product Change,-0.1827956989247312,0,0,1,1,0,1,0,0,0,0
6839,Product Change,-0.16494845360824742,0,0,1,1,0,1,0,0,0,0
6840,Environment Error,0.02091254752851711,0,0,1,1,0,1,0,0,0,0
6841,Environment Error,0.16927710843373495,0,0,1,1,0,1,0,0,0,0
6843,Product Error,-1.1308411214953271,0,0,1,1,0,1,0,0,0,0
6844,Product Error,-1.083916083916084,0,0,1,1,0,1,0,0,0,0
8000,Data Issue,-0.2719665271966527,0,0,1,1,0,0,0,0,0,1
8001,Data Issue,-0.2719665271966527,0,0,1,1,0,0,0,0,0,1
8014,Environment Error,-0.013779527559055118,0,0,1,1,0,1,0,0,0,0
8015,Environment Error,0.19959266802443992,0,0,1,1,0,1,0,0,0,0
8016,Environment Error,0.1883460859329017,0,0,1,1,0,1,0,0,0,0
8017,Environment Error,0.026595744680851064,0,0,1,1,0,1,0,0,0,0
8019,Product Change,-0.78125,0,0,1,1,0,0,0,0,0,1
8819,Environment Error,0.1294820717131474,0,0,1,1,0,1,0,0,0,0
8820,Environment Error,0.9936255438103939,0,0,1,1,0,1,0,0,0,0
8821,Environment Error,0.9936255438103939,0,0,1,1,0,1,0,0,0,0
8822,Environment Error,0.9936255438103939,0,0,1,1,0,1,0,0,0,0
8823,Environment Error,0.9936255438103939,0,0,1,1,0,1,0,0,0,0
8824,Environment Error,0.9936255438103939,0,0,1,1,0,1,0,0,0,0
8832,Environment Error,0.9987334836385847,0,0,1,1,0,1,0,0,0,0
8833,Environment Error,0.09572490706319703,0,0,1,1,0,1,0,0,0,0
8837,Script Issue,0.04468085106382979,0,0,1,1,0,1,0,0,0,0
8843,Environment Error,-1.803030303030303,0,0,1,1,1,0,0,0,0,0
8844,Environment Error,-1.803030303030303,0,0,1,1,1,0,0,0,0,0
8845,Environment Error,-1.803030303030303,0,0,1,1,1,0,0,0,0,0
8847,Environment Error,0.7970627503337784,0,0,1,1,0,1,0,0,0,0
8848,Environment Error,0.7970627503337784,0,0,1,1,0,1,0,0,0,0
8861,Environment Error,0.4875478927203065,0,0,1,1,0,0,0,1,0,0
8862,Environment Error,0.0,0,0,1,1,0,1,0,0,0,0
8864,Environment Error,0.9730317064481653,0,0,1,1,0,0,0,0,1,0
8865,Environment Error,0.9730317064481653,0,0,1,1,0,0,0,0,1,0
8866,Environment Error,-0.44397905759162304,0,0,1,1,0,0,0,0,1,0
8868,Product Error,-0.5833333333333334,0,0,1,1,0,0,0,0,0,1
9542,Environment Error,0.9783830434291233,0,0,1,1,0,1,0,0,0,0
9543,Data Issue,0.2373134328358209,0,0,1,1,0,1,0,0,0,0
9544,Data Issue,-1.67578125,0,0,1,1,0,0,0,0,0,1
9545,Data Issue,-1.67578125,0,0,1,1,0,1,0,0,0,0
9546,Data Issue,-1.67578125,0,0,1,1,0,1,0,0,0,0
9547,Data Issue,-1.67578125,0,0,1,1,0,1,0,0,0,0
9548,Environment Error,0.3463687150837989,0,0,1,1,0,1,0,0,0,0
9549,Environment Error,0.3463687150837989,0,0,1,1,0,1,0,0,0,0
9572,Product Change,0.4641255605381166,0,0,1,1,0,1,0,0,0,0
9573,Script Issue,0.060291060291060294,0,0,1,1,0,1,0,0,0,0
9574,Script Issue,-0.275974025974026,0,0,1,1,0,1,0,0,0,0
9576,Product Error,-0.6642335766423357,0,0,1,1,0,0,0,0,0,1
10374,Data Issue,-0.07781456953642384,0,0,1,1,0,1,0,0,0,0
10375,Data Issue,-0.07781456953642384,0,0,1,1,0,1,0,0,0,0
10376,Data Issue,-0.07781456953642384,0,0,1,1,0,1,0,0,0,0
10377,Data Issue,-0.07781456953642384,0,0,1,1,0,1,0,0,0,0
10378,Data Issue,-0.07781456953642384,0,0,1,1,0,1,0,0,0,0
10379,Data Issue,-0.07781456953642384,0,0,1,1,0,1,0,0,0,0
10380,Data Issue,-0.07781456953642384,0,0,1,1,0,1,0,0,0,0
10381,Data Issue,0.0348314606741573,0,0,1,1,0,1,0,0,0,0
10382,Data Issue,0.0348314606741573,0,0,1,1,0,1,0,0,0,0
10383,Data Issue,0.0348314606741573,0,0,1,1,0,1,0,0,0,0
10395,Environment Error,-0.0810126582278481,0,0,1,1,0,1,0,0,0,0
10396,Environment Error,-0.0810126582278481,0,0,1,1,0,1,0,0,0,0
10397,Environment Error,-0.22994652406417113,0,0,1,1,0,1,0,0,0,0
10398,Environment Error,-0.22994652406417113,0,0,1,1,0,1,0,0,0,0
10399,Environment Error,-0.27256740914419697,0,0,1,1,0,1,0,0,0,0
10400,Environment Error,-0.27256740914419697,0,0,1,1,0,1,0,0,0,0
10401,Environment Error,-0.09344262295081968,0,0,1,1,0,1,0,0,0,0
10402,Environment Error,-0.09344262295081968,0,0,1,1,0,1,0,0,0,0
10424,Product Change,-18.548387096774192,0,0,1,1,0,0,0,0,0,1
10425,Product Change,-18.548387096774192,0,0,1,1,0,0,0,0,0,1
10426,Product Change,-18.548387096774192,0,0,1,1,0,0,0,0,0,1
10427,Product Change,-10.692307692307692,0,0,1,1,1,0,0,0,0,0
10428,Product Change,-10.692307692307692,0,0,1,1,1,0,0,0,0,0
10429,Product Change,-10.714285714285714,0,0,1,1,1,0,0,0,0,0
10430,Product Change,-6.527272727272727,0,0,1,1,1,0,0,0,0,0
10431,Product Change,-6.527272727272727,0,0,1,1,1,0,0,0,0,0
10432,Product Change,-12.225,0,0,1,1,0,0,0,0,1,0
10433,Not Ready,-0.24880382775119617,0,0,1,1,0,0,0,0,0,1
10434,Not Ready,0.002277904328018223,0,0,1,1,0,0,0,0,0,1
10435,Not Ready,-0.01634472511144131,0,0,1,1,0,1,0,0,0,0
10436,Not Ready,-0.05311355311355311,0,0,1,1,0,0,0,0,0,1
10437,Not Ready,-0.6335877862595419,0,0,1,1,0,0,0,0,0,1
10438,Not Ready,-0.19827586206896552,0,0,1,1,0,0,0,0,0,1
10439,Script Issue,0.29924242424242425,0,0,1,1,0,0,0,0,0,1
10440,Not Ready,0.002551020408163265,0,0,1,1,0,1,0,0,0,0
10441,Environment Error,-4.7631578947368425,0,0,1,1,0,0,0,0,1,0
10443,Data Issue,-0.42920353982300885,0,0,1,1,0,0,0,0,0,1
10444,Data Issue,-0.42920353982300885,0,0,1,1,0,0,0,0,0,1
10445,Not Ready,-3.1973684210526314,0,0,1,1,0,1,0,0,0,0
10446,Not Ready,-3.1973684210526314,0,0,1,1,0,0,0,0,0,1
10996,Product Error,-0.005305039787798408,0,0,1,1,0,1,0,0,0,0
10997,Product Error,-0.001326259946949602,0,0,1,1,0,1,0,0,0,0
11010,Environment Error,-0.016666666666666666,0,0,1,1,0,1,0,0,0,0
11011,Not Ready,-3.645631067961165,0,0,1,1,0,1,0,0,0,0
11012,Not Ready,-3.645631067961165,0,0,1,1,0,0,0,0,0,1
11086,Data Issue,-0.05454545454545454,0,0,1,1,0,1,0,0,0,0
11087,Data Issue,-0.05454545454545454,0,0,1,1,0,1,0,0,0,0
11088,Data Issue,-0.05454545454545454,0,0,1,1,0,1,0,0,0,0
11089,Data Issue,-0.05454545454545454,0,0,1,1,0,1,0,0,0,0
11090,Data Issue,-0.6146616541353384,0,0,1,1,0,1,0,0,0,0
11091,Data Issue,-0.6146616541353384,0,0,1,1,0,1,0,0,0,0
11092,Data Issue,-0.6146616541353384,0,0,1,1,0,1,0,0,0,0
11093,Data Issue,-0.15233545647558386,0,0,1,1,0,1,0,0,0,0
11094,Data Issue,-0.22598870056497175,0,0,1,1,0,1,0,0,0,0
11095,Data Issue,-0.22598870056497175,0,0,1,1,0,1,0,0,0,0
11096,Data Issue,-0.22598870056497175,0,0,1,1,0,1,0,0,0,0
11097,Data Issue,-0.22598870056497175,0,0,1,1,0,1,0,0,0,0
11098,Data Issue,-0.22598870056497175,0,0,1,1,0,1,0,0,0,0
11099,Data Issue,-0.22598870056497175,0,0,1,1,0,1,0,0,0,0
11100,Data Issue,-0.22598870056497175,0,0,1,1,0,1,0,0,0,0
11101,Environment Error,0.07649170031404218,0,0,1,1,0,1,0,0,0,0
11102,Environment Error,-0.06228956228956229,0,0,1,1,0,1,0,0,0,0
11106,Not Ready,0.058333333333333334,0,0,1,1,0,1,0,0,0,0
11107,Not Ready,0.17044334975369457,0,0,1,1,0,1,0,0,0,0
11108,Not Ready,0.17044334975369457,0,0,1,1,0,1,0,0,0,0
11109,Not Ready,0.10747663551401869,0,0,1,1,0,1,0,0,0,0
11110,Not Ready,0.10747663551401869,0,0,1,1,0,1,0,0,0,0
11111,Not Ready,0.10747663551401869,0,0,1,1,0,0,0,0,0,1
11112,Not Ready,0.10747663551401869,0,0,1,1,0,1,0,0,0,0
11113,Not Ready,0.02148148148148148,0,0,1,1,0,1,0,0,0,0
11120,Not Ready,-1.5643564356435644,0,0,1,1,0,1,0,0,0,0
11121,Not Ready,-1.5643564356435644,0,0,1,1,0,1,0,0,0,0
11122,Not Ready,-1.5435779816513762,0,0,1,1,0,1,0,0,0,0
11123,Not Ready,-1.5435779816513762,0,0,1,1,0,1,0,0,0,0
11124,Not Ready,-1.5435779816513762,0,0,1,1,0,1,0,0,0,0
11125,Not Ready,-1.5435779816513762,0,0,1,1,0,1,0,0,0,0
11126,Not Ready,-1.043956043956044,0,0,1,1,0,1,0,0,0,0
11127,Not Ready,-1.043956043956044,0,0,1,1,0,1,0,0,0,0
11128,Not Ready,-1.043956043956044,0,0,1,1,0,1,0,0,0,0
11129,Not Ready,-0.5,0,0,1,1,0,1,0,0,0,0
11146,Not Ready,-75.41666666666667,0,0,1,1,0,0,0,0,1,0
11147,Not Ready,-75.41666666666667,0,0,1,1,0,0,0,0,1,0
11148,Not Ready,-75.41666666666667,0,0,1,1,0,0,0,0,1,0
11149,Not Ready,-310.25,0,0,1,1,0,0,0,0,1,0
11150,Not Ready,-310.25,0,0,1,1,0,0,0,0,1,0
11151,Not Ready,-310.25,0,0,1,1,0,0,0,0,1,0
11152,Not Ready,-310.25,0,0,1,1,0,0,0,0,1,0
11153,Not Ready,-310.25,0,0,1,1,0,0,0,0,1,0
11154,Environment Error,-311.0,0,0,1,1,0,0,0,0,1,0
11155,Environment Error,-311.0,0,0,1,1,0,0,0,0,1,0
11156,Not Ready,-0.09770114942528736,0,0,1,1,0,1,0,0,0,0
11157,Not Ready,0.25882352941176473,0,0,1,1,0,0,0,0,0,1
11158,Environment Error,-6.322429906542056,0,0,1,1,0,0,0,0,1,0
11159,Environment Error,-1.1013215859030836,0,0,1,1,0,0,0,0,0,1
11160,Product Error,0.0,0,0,1,1,0,1,0,0,0,0
11161,Environment Error,-0.012064343163538873,0,0,1,1,0,1,0,0,0,0
12178,Environment Error,0.1518324607329843,0,0,1,1,0,0,0,0,0,1
12179,Environment Error,-0.06824512534818941,0,0,1,1,0,1,0,0,0,0
12180,Environment Error,0.06309148264984227,0,0,1,1,0,0,0,0,0,1
12181,Environment Error,0.04574275362318841,0,0,1,1,0,1,0,0,0,0
12182,Environment Error,0.04574275362318841,0,0,1,1,0,1,0,0,0,0
12192,Environment Error,0.02631578947368421,0,0,1,1,0,0,0,0,0,1
12209,Environment Error,-0.24709302325581395,0,0,1,1,0,0,0,0,1,0
12210,Environment Error,-0.24709302325581395,0,0,1,1,0,0,0,0,1,0
12211,Product Error,0.03205128205128205,0,0,1,1,0,1,0,0,0,0
12212,Product Error,0.028205128205128206,0,0,1,1,0,1,0,0,0,0
12213,Data Issue,-0.7759825327510917,0,0,1,1,0,0,0,0,0,1
12214,Data Issue,-0.7759825327510917,0,0,1,1,0,0,0,0,0,1
12215,Data Issue,-0.7759825327510917,0,0,1,1,0,0,0,0,0,1
12216,Data Issue,-0.7759825327510917,0,0,1,1,0,0,0,0,0,1
12229,Environment Error,-0.005494505494505495,0,0,1,1,0,1,0,0,0,0
12230,Data Issue,0.007075471698113208,0,0,1,1,0,1,0,0,0,0
12231,Data Issue,0.007075471698113208,0,0,1,1,0,1,0,0,0,0
12232,Data Issue,-0.10399334442595674,0,0,1,1,0,0,0,0,0,1
13092,Environment Error,-0.07407407407407407,0,0,1,1,0,1,0,0,0,0
13102,Script Issue,-2.490566037735849,0,0,1,1,1,0,0,0,0,0
13119,Script Issue,-0.5487364620938628,0,0,1,1,0,0,0,0,1,0
13120,Script Issue,-0.5487364620938628,0,0,1,1,0,0,0,0,1,0
13121,Environment Error,0.17204301075268819,0,0,1,1,0,1,0,0,0,0
13140,Not Ready,-0.1540785498489426,0,0,1,1,0,1,0,0,0,0
13141,Not Ready,-0.1540785498489426,0,0,1,1,0,1,0,0,0,0
13148,Product Error,-1.7906976744186047,0,0,1,1,0,0,0,0,1,0
13149,Product Error,-1.7906976744186047,0,0,1,1,0,1,0,0,0,0
13169,Product Error,-0.2914798206278027,0,0,1,1,0,1,0,0,0,0
13170,Environment Error,-0.01752021563342318,0,0,1,1,0,1,0,0,0,0
13171,Product Error,-0.01881720430107527,0,0,1,1,0,1,0,0,0,0
14085,Data Issue,0.03982300884955752,0,0,1,1,0,1,0,0,0,0
14086,Data Issue,0.03982300884955752,0,0,1,1,0,1,0,0,0,0
14087,Data Issue,0.03982300884955752,0,0,1,1,0,1,0,0,0,0
14088,Data Issue,0.03982300884955752,0,0,1,1,0,1,0,0,0,0
14089,Data Issue,0.03982300884955752,0,0,1,1,0,1,0,0,0,0
14090,Data Issue,0.03982300884955752,0,0,1,1,0,1,0,0,0,0
14091,Data Issue,0.03982300884955752,0,0,1,1,0,1,0,0,0,0
14092,Data Issue,0.03699551569506727,0,0,1,1,0,1,0,0,0,0
14093,Data Issue,0.03699551569506727,0,0,1,1,0,1,0,0,0,0
14094,Data Issue,0.03699551569506727,0,0,1,1,0,1,0,0,0,0
14095,Data Issue,0.18309859154929578,0,0,1,1,0,1,0,0,0,0
14096,Data Issue,0.18309859154929578,0,0,1,1,0,1,0,0,0,0
14097,Data Issue,0.18309859154929578,0,0,1,1,0,1,0,0,0,0
14098,Data Issue,0.18309859154929578,0,0,1,1,0,1,0,0,0,0
14099,Not Ready,0.5261437908496732,0,0,1,1,0,1,0,0,0,0
14100,Data Issue,-0.023091423185673893,0,0,1,1,0,1,0,0,0,0
14101,Environment Error,0.10238907849829351,0,0,1,1,0,1,0,0,0,0
14102,Environment Error,0.06804867057232988,0,0,1,1,0,1,0,0,0,0
14103,Environment Error,0.06804867057232988,0,0,1,1,0,1,0,0,0,0
14104,Environment Error,0.05345911949685535,0,0,1,1,0,1,0,0,0,0
14130,Product Change,0.4221411192214112,0,0,1,1,0,0,0,0,0,1
14132,Product Error,-0.013368983957219251,0,0,1,1,0,1,0,0,0,0
14133,Product Error,-0.03708791208791209,0,0,1,1,0,1,0,0,0,0
14146,Data Issue,-0.29012345679012347,0,0,1,1,0,1,0,0,0,0
14166,Product Change,-4.75,0,0,1,1,1,0,0,0,0,0
14179,Product Change,0.25,0,0,1,1,0,1,0,0,0,0
15343,Environment Error,0.14485981308411214,0,0,1,1,0,1,0,0,0,0
15365,Product Change,0.21818181818181817,0,0,1,1,0,1,0,0,0,0
15366,Script Issue,0.30697674418604654,0,0,1,1,0,1,0,0,0,0
15367,Not in Branch,0.4491279069767442,0,0,1,1,0,1,0,0,0,0
15368,Not in Branch,0.3881685575364668,0,0,1,1,0,1,0,0,0,0
15388,Environment Error,-0.8110367892976589,0,0,1,1,0,1,0,0,0,0
15389,Environment Error,-0.775,0,0,1,1,0,1,0,0,0,0
15390,Environment Error,0.6239837398373984,0,0,1,1,0,1,0,0,0,0
15391,Product Change,0.3970223325062035,0,0,1,1,0,0,0,0,0,1
15392,Environment Error,0.6547314578005116,0,0,1,1,0,1,0,0,0,0
15393,Environment Error,0.4945770065075922,0,0,1,1,0,1,0,0,0,0
15394,Environment Error,-0.8488372093023255,0,0,1,1,0,0,0,0,0,1
15397,Environment Error,-0.12214983713355049,0,0,1,1,0,1,0,0,0,0
15398,Environment Error,0.14264889629321117,0,0,1,1,0,1,0,0,0,0
15399,Environment Error,0.14264889629321117,0,0,1,1,0,1,0,0,0,0
15400,Environment Error,0.12040133779264214,0,0,1,1,0,1,0,0,0,0
15401,Environment Error,0.12040133779264214,0,0,1,1,0,1,0,0,0,0
15402,Not Ready,0.12558139534883722,0,0,1,1,0,1,0,0,0,0
15403,Not Ready,0.30952380952380953,0,0,1,1,0,1,0,0,0,0
16275,Environment Error,-0.2576832151300236,0,0,1,1,0,0,0,0,0,1
16276,Data Issue,-0.06756756756756757,0,0,1,1,0,0,0,0,0,1
16278,Product Error,0.05889014722536806,0,0,1,1,0,1,0,0,0,0
16279,Product Error,0.05889014722536806,0,0,1,1,0,1,0,0,0,0
16280,Product Change,-0.18832391713747645,0,0,1,1,1,0,0,0,0,0
16281,Environment Error,-0.0718288334182374,0,0,1,1,0,1,0,0,0,0
16282,Environment Error,-0.0718288334182374,0,0,1,1,0,1,0,0,0,0
16283,Environment Error,-0.011049723756906077,0,0,1,1,0,1,0,0,0,0
16305,Data Issue,0.13018867924528302,0,0,1,1,0,1,0,0,0,0
16306,Product Change,0.020253164556962026,0,0,1,1,0,1,0,0,0,0
16307,Script Issue,0.0962962962962963,0,0,1,1,0,1,0,0,0,0
16308,Script Issue,0.0962962962962963,0,0,1,1,0,1,0,0,0,0
16309,Environment Error,0.11776859504132231,0,0,1,1,0,1,0,0,0,0
16310,Environment Error,0.11776859504132231,0,0,1,1,0,1,0,0,0,0
16311,Script Issue,0.11272727272727273,0,0,1,1,0,1,0,0,0,0
16312,Not Ready,0.12471131639722864,0,0,1,1,0,1,0,0,0,0
16313,Not Ready,-0.023035230352303523,0,0,1,1,0,1,0,0,0,0
17171,Not Ready,0.19879518072289157,0,0,1,1,0,0,0,0,0,1
17173,Script Issue,-0.12477718360071301,0,0,1,1,1,0,0,0,0,0
17174,Environment Error,0.0,0,0,1,1,0,1,0,0,0,0
17175,Environment Error,0.0,0,0,1,1,0,1,0,0,0,0
17176,Environment Error,0.10682226211849193,0,0,1,1,0,1,0,0,0,0
17177,Environment Error,-0.9625935162094763,0,0,1,1,0,0,0,0,0,1
17178,Environment Error,-0.9625935162094763,0,0,1,1,0,0,0,0,0,1
17179,Environment Error,-0.9625935162094763,0,0,1,1,0,0,0,0,0,1
17180,Environment Error,0.5590361445783133,0,0,1,1,0,1,0,0,0,0
17202,Product Change,0.29014084507042254,0,0,1,1,0,1,0,0,0,0
17203,Environment Error,-0.11564625850340136,0,0,1,1,0,0,0,0,0,1
17204,Environment Error,0.20130932896890344,0,0,1,1,0,0,0,0,0,1
17205,Script Issue,0.22077922077922077,0,0,1,1,0,0,0,0,0,1
17206,Not Ready,-0.007978723404255319,0,0,1,1,0,1,0,0,0,0
17207,Not Ready,-0.009358288770053475,0,0,1,1,0,1,0,0,0,0
18203,Product Change,0.005249343832020997,0,0,1,1,0,1,0,0,0,0
18204,Product Change,0.00395778364116095,0,0,1,1,0,1,0,0,0,0
18640,Environment Error,0.6642857142857143,0,0,1,1,0,1,0,0,0,0
18641,Not Ready,0.10437710437710437,0,0,1,1,0,0,0,0,0,1
18642,Product Error,0.010054844606946984,0,0,1,1,0,1,0,0,0,0
18643,Environment Error,-3.3491124260355027,0,0,1,1,0,1,0,0,0,0
18644,Environment Error,-1.060475161987041,0,0,1,1,0,0,0,0,0,1
18646,Product Error,-0.3619246861924686,0,0,1,1,0,1,0,0,0,0
18647,Product Error,-0.3619246861924686,0,0,1,1,0,1,0,0,0,0
18648,Product Error,-0.3619246861924686,0,0,1,1,0,1,0,0,0,0
18649,Product Error,-0.3619246861924686,0,0,1,1,0,1,0,0,0,0
18650,Product Error,-0.3619246861924686,0,0,1,1,0,1,0,0,0,0
18651,Product Error,-0.3619246861924686,0,0,1,1,0,1,0,0,0,0
18652,Product Error,-0.3619246861924686,0,0,1,1,0,1,0,0,0,0
18653,Product Error,-0.6843137254901961,0,0,1,1,0,1,0,0,0,0
18654,Product Error,-0.6843137254901961,0,0,1,1,0,1,0,0,0,0
18655,Product Error,-0.6843137254901961,0,0,1,1,0,1,0,0,0,0
18656,Product Error,-0.04693140794223827,0,0,1,1,0,1,0,0,0,0
18657,Product Error,-0.04693140794223827,0,0,1,1,0,1,0,0,0,0
18658,Product Error,-0.04693140794223827,0,0,1,1,0,1,0,0,0,0
18659,Product Error,-0.04693140794223827,0,0,1,1,0,1,0,0,0,0
18660,Product Error,-0.011090573012939002,0,0,1,1,0,1,0,0,0,0
18661,Script Issue,-0.10438413361169102,0,0,1,1,0,1,0,0,0,0
18662,Environment Error,-0.11151736745886655,0,0,1,1,0,1,0,0,0,0
18663,Environment Error,-0.2797131147540984,0,0,1,1,0,1,0,0,0,0
18664,Environment Error,-0.09330985915492958,0,0,1,1,0,1,0,0,0,0
18665,Environment Error,-0.08003597122302158,0,0,1,1,0,1,0,0,0,0
18687,Environment Error,-0.024444444444444446,0,0,1,1,0,1,0,0,0,0
18688,Environment Error,0.233502538071066,0,0,1,1,0,1,0,0,0,0
18689,Environment Error,0.1267605633802817,0,0,1,1,0,1,0,0,0,0
18690,Environment Error,0.06293706293706294,0,0,1,1,0,1,0,0,0,0
18691,Environment Error,0.06293706293706294,0,0,1,1,0,1,0,0,0,0
18692,Environment Error,0.04142011834319527,0,0,1,1,0,1,0,0,0,0
18693,Environment Error,0.07441016333938294,0,0,1,1,0,1,0,0,0,0
18694,Environment Error,0.215311004784689,0,0,1,1,0,1,0,0,0,0
18695,Environment Error,0.06818181818181818,0,0,1,1,0,1,0,0,0,0
18696,Environment Error,0.4406779661016949,0,0,1,1,0,1,0,0,0,0
18697,Not Ready,-0.003989361702127659,0,0,1,1,0,1,0,0,0,0
18698,Not Ready,0.002631578947368421,0,0,1,1,0,1,0,0,0,0
19388,Not Ready,-0.0160857908847185,0,0,1,1,0,1,0,0,0,0
19389,Not Ready,-0.02027027027027027,0,0,1,1,0,1,0,0,0,0
19390,Product Change,-0.8846153846153846,0,0,1,1,0,0,0,0,0,1
19391,Product Change,-0.8653846153846154,0,0,1,1,0,0,0,0,0,1
19392,Environment Error,-0.3050847457627119,0,0,1,1,0,1,0,0,0,0
19393,Environment Error,0.018469656992084433,0,0,1,1,0,0,0,0,0,1
19394,Environment Error,-0.16247379454926625,0,0,1,1,0,0,0,0,0,1
19395,Environment Error,0.02617801047120419,0,0,1,1,0,1,0,0,0,0
19396,Data Issue,-1.087557603686636,0,0,1,1,0,1,0,0,0,0
19397,Data Issue,-1.087557603686636,0,0,1,1,0,1,0,0,0,0
19398,Data Issue,-1.087557603686636,0,0,1,1,0,1,0,0,0,0
19399,Data Issue,-1.087557603686636,0,0,1,1,0,1,0,0,0,0
19427,Product Error,0.22252747252747251,0,0,1,1,0,1,0,0,0,0
19455,Product Error,-0.3872549019607843,0,0,1,1,0,1,0,0,0,0
19456,Data Issue,-0.1144578313253012,0,0,1,1,0,1,0,0,0,0
19531,Environment Error,-0.6560509554140127,0,0,1,1,0,0,0,0,0,1
19532,Environment Error,-0.017391304347826087,0,0,1,1,0,1,0,0,0,0
19533,Environment Error,-0.21301093839953944,0,0,1,1,0,1,0,0,0,0
19534,Environment Error,-0.10091743119266056,0,0,1,1,0,1,0,0,0,0
19535,Environment Error,-0.31930415263748596,0,0,1,1,0,0,0,0,0,1
19536,Environment Error,-0.31930415263748596,0,0,1,1,0,0,0,0,0,1
19537,Environment Error,-0.12242424242424242,0,0,1,1,0,1,0,0,0,0
19539,Data Issue,-0.07608695652173914,0,0,1,1,0,0,0,0,0,1
19541,Data Issue,-0.21804511278195488,0,0,1,1,0,0,0,0,0,1
19550,Not Ready,0.44477611940298506,0,0,1,1,1,0,0,0,0,0
19553,Not Ready,-0.2459016393442623,0,0,1,1,0,0,0,0,0,1
19554,Not in Branch,-16.875,0,0,1,1,0,0,0,0,1,0
19555,Script Issue,0.06451612903225806,0,0,1,1,1,0,0,0,0,0
19556,Script Issue,-0.07647058823529412,0,0,1,1,0,0,0,0,0,1
19557,Not in Branch,-0.0625,0,0,1,1,0,0,0,0,1,0
19560,Product Error,-0.012149532710280374,0,0,1,1,0,1,0,0,0,0
20030,Script Issue,-0.15782828282828282,0,0,1,1,0,0,0,0,0,1
20031,Script Issue,-0.15782828282828282,0,0,1,1,0,1,0,0,0,0
20032,Data Issue,0.04185022026431718,0,0,1,1,0,0,0,0,0,1
20033,Data Issue,0.04185022026431718,0,0,1,1,0,0,0,0,0,1
20034,Script Issue,-0.09411764705882353,0,0,1,1,1,0,0,0,0,0
20035,Script Issue,-0.14566115702479338,0,0,1,1,0,1,0,0,0,0
20036,Script Issue,-0.14566115702479338,0,0,1,1,1,0,0,0,0,0
20377,Script Issue,-0.030805687203791468,0,0,1,1,0,0,0,0,0,1
20378,Script Issue,-0.030805687203791468,0,0,1,1,0,0,0,0,0,1
20379,Script Issue,-0.2951977401129944,0,0,1,1,0,0,0,0,0,1
20380,Script Issue,-0.2951977401129944,0,0,1,1,0,1,0,0,0,0
20381,Script Issue,-0.2951977401129944,0,0,1,1,0,1,0,0,0,0
20488,Product Error,0.1931216931216931,0,1,0,1,0,0,0,0,0,1
20489,Product Error,0.03954802259887006,0,1,0,1,0,0,0,0,0,1
20490,Product Error,0.23557692307692307,0,1,0,1,0,0,0,0,0,1